nom,address,zip,town,phone
Boulangerie Lefebvre,12 Rue du Vieux Marché,76000,Rouen,0235714582
Cabinet Dupont Conseil,45 Avenue Jean Jaurès,69007,Lyon,0472658934
Menuiserie Artisanale Petit,8 Chemin des Vignes,33000,Bordeaux,0556124789
Société Générale de Bâtiment,102 Boulevard Haussmann,75008,Paris,0142857361
Garage Moreau & Fils,23 Route de Nantes,44000,Nantes,0240739856
Boucherie Charcuterie Sanchez,5 Place du Marché,31000,Toulouse,0561487239
Pharmacie de la Gare,17 Rue de la Gare,67000,Strasbourg,0388614723
Atelier Céramique Leclerc,9 Rue des Artisans,59000,Lille,0320741658
Électricité Générale Martin,31 Avenue de la République,13001,Marseille,0491523647
Librairie Papeterie Rousseau,56 Rue Nationale,37000,Tours,0247058961
